<empleados>
    <empleado>
        <id>00132</id>
        <nombre>Antonio Lopez</nombre>
        <email>antonio@gmail.com</email>
        <dpto>Ventas</dpto>
    </empleado>
    <empleado>
        <id>00133</id>
        <nombre>Luis Sanchez</nombre>
        <email>luis@yahoo.es</email>
        <dpto>Compras</dpto>
    </empleado>
    <empleado>
        <id>00134</id>
        <nombre>Pepito Perez</nombre>
        <email>pepito@gmail.com</email>
        <dpto>Contabilidad</dpto>
    </empleado>
</empleados>